SUBDIVISION,YEAR,KHARIF,AUTUMN,SUMMER,RABI,WINTER,WHOLE YEAR
andaman and nicobar islands,1997,497.2,225.025,466.3666666666667,59.41666666666667,15.966666666666667,229.59166666666667
andaman and nicobar islands,1998,390.3,318.3,437.8,52.95,29.966666666666665,237.2
andaman and nicobar islands,1999,339.5,258.35,320.3,107.8,79.03333333333333,224.975
andaman and nicobar islands,2000,311.05,211.2,318.7,129.15,75.73333333333333,230.25833333333333
andaman and nicobar islands,2001,378.85,229.1,472.43333333333334,98.75,65.5,256.73333333333335
andaman and nicobar islands,2002,381.375,256.4,347.46666666666664,93.15,46.833333333333336,218.34166666666667
andaman and nicobar islands,2003,351.525,201.1,317.0333333333333,57.15,33.4,196.30833333333334
andaman and nicobar islands,2004,348.04999999999995,168.725,435.96666666666664,56.46666666666667,30.266666666666666,205.0
andaman and nicobar islands,2005,425.075,346.25,395.6666666666667,109.23333333333333,94.63333333333333,246.20833333333334
andaman and nicobar islands,2006,328.7,267.925,290.0333333333333,65.63333333333333,35.03333333333334,200.39166666666665
andaman and nicobar islands,2007,448.3,251.325,403.8333333333333,62.6,30.7,229.01666666666668
andaman and nicobar islands,2008,445.775,242.2,504.8333333333333,133.76666666666668,49.86666666666667,281.2416666666667
andaman and nicobar islands,2009,406.75,182.925,414.6333333333333,54.28333333333333,26.266666666666666,211.55
andaman and nicobar islands,2010,449.47499999999997,295.15,429.93333333333334,106.3,118.7,263.09166666666664
andaman and nicobar islands,2011,541.25,339.675,430.9666666666667,187.36666666666667,196.39999999999998,319.0
andaman and nicobar islands,2012,503.5,391.6,436.46666666666664,123.33333333333334,117.60000000000001,291.46666666666664
andaman and nicobar islands,2013,538.025,343.975,617.0333333333333,106.75,65.66666666666666,313.14166666666665
andaman and nicobar islands,2014,404.675,279.275,374.06666666666666,60.53333333333333,50.300000000000004,218.54166666666669
andaman and nicobar islands,2015,419.65,285.4,335.7333333333333,106.98333333333333,88.1,242.04166666666666
arunachal pradesh,1997,395.925,133.55,385.26666666666665,70.01666666666667,40.333333333333336,189.575
arunachal pradesh,1998,676.85,111.75,646.1999999999999,74.51666666666667,36.0,301.39166666666665
arunachal pradesh,1999,379.75,123.625,390.0333333333333,41.1,6.1,193.05833333333334
arunachal pradesh,2000,412.5,138.04999999999998,374.1333333333333,99.73333333333333,36.93333333333334,216.40833333333333
arunachal pradesh,2001,286.95,124.025,258.4666666666667,86.45,44.86666666666667,169.65833333333333
arunachal pradesh,2002,387.35,103.69999999999999,399.3,91.46666666666667,43.1,199.10833333333332
arunachal pradesh,2003,414.17499999999995,120.925,414.3666666666667,73.15,40.766666666666666,204.30833333333334
arunachal pradesh,2004,394.67499999999995,121.025,451.96666666666664,80.6,30.766666666666666,212.15
arunachal pradesh,2005,335.925,103.7,293.3,112.11666666666667,73.1,194.625
arunachal pradesh,2006,348.34999999999997,107.95,408.09999999999997,77.85,43.8,188.28333333333333
arunachal pradesh,2007,546.275,165.77499999999998,513.8666666666667,80.41666666666666,39.233333333333334,251.71666666666667
arunachal pradesh,2008,377.175,77.27499999999999,354.90000000000003,72.61666666666667,39.66666666666667,187.04166666666666
arunachal pradesh,2009,277.95,71.3,259.6333333333333,60.9,42.233333333333334,145.83333333333334
arunachal pradesh,2010,413.4,153.75,400.2,131.93333333333334,9.333333333333332,237.96666666666667
arunachal pradesh,2011,346.025,92.5,346.46666666666664,89.66666666666667,35.5,182.8
arunachal pradesh,2012,581.4,255.29999999999998,490.7,113.23333333333332,39.93333333333333,286.7083333333333
arunachal pradesh,2013,291.475,127.025,318.4666666666667,62.85,24.53333333333333,170.24166666666667
arunachal pradesh,2014,437.7,102.1,369.06666666666666,53.03333333333333,43.7,200.25833333333333
arunachal pradesh,2015,484.225,125.75,402.0333333333333,87.75,36.03333333333333,230.625
assam and meghalaya,1997,440.85,112.8,440.96666666666664,55.1,31.433333333333334,197.68333333333334
assam and meghalaya,1998,486.85,112.9,478.73333333333335,69.18333333333334,14.566666666666666,233.59166666666667
assam and meghalaya,1999,427.52500000000003,105.475,497.5,34.766666666666666,1.7333333333333332,216.175
assam and meghalaya,2000,416.65000000000003,101.6,409.53333333333336,60.2,11.533333333333333,207.23333333333335
assam and meghalaya,2001,353.32500000000005,122.75,372.43333333333334,49.583333333333336,15.833333333333334,181.55
assam and meghalaya,2002,397.45,84.125,451.5,77.73333333333333,11.266666666666666,199.38333333333333
assam and meghalaya,2003,393.325,128.35,422.8,65.55,23.2,202.85
assam and meghalaya,2004,462.42499999999995,167.775,529.5,76.91666666666667,13.8,249.51666666666665
assam and meghalaya,2005,381.3,100.925,376.5333333333333,73.86666666666666,18.2,205.68333333333334
assam and meghalaya,2006,302.05,96.425,357.3,44.53333333333333,17.433333333333334,158.225
assam and meghalaya,2007,493.775,177.775,464.06666666666666,65.51666666666667,26.400000000000002,229.39166666666668
assam and meghalaya,2008,420.975,101.175,372.8,51.949999999999996,15.266666666666666,194.96666666666667
assam and meghalaya,2009,368.375,85.30000000000001,331.3,35.38333333333333,7.833333333333333,172.35
assam and meghalaya,2010,422.52500000000003,113.425,459.40000000000003,85.28333333333333,3.7333333333333334,225.95000000000002
assam and meghalaya,2011,309.0,66.8,316.7,39.833333333333336,8.666666666666666,145.29166666666666
assam and meghalaya,2012,468.70000000000005,157.6,453.2666666666667,58.233333333333334,8.133333333333333,217.45000000000002
assam and meghalaya,2013,293.25,89.65,333.56666666666666,28.416666666666668,4.233333333333333,151.375
assam and meghalaya,2014,426.4,114.64999999999999,383.96666666666664,19.083333333333332,10.233333333333334,183.85
assam and meghalaya,2015,432.35,92.925,397.03333333333336,57.75,14.7,205.91666666666666
bihar,1997,287.075,63.800000000000004,239.03333333333333,14.233333333333334,14.066666666666666,108.64166666666667
bihar,1998,281.775,71.375,199.96666666666667,14.05,6.533333333333333,111.05
bihar,1999,298.25,80.3,243.16666666666669,2.0,0.3,116.89166666666667
bihar,2000,261.925,81.125,209.23333333333335,8.916666666666668,4.233333333333333,100.58333333333333
bihar,2001,237.45,114.15,182.5,2.933333333333333,0.5,103.925
bihar,2002,235.8,57.175000000000004,192.5,9.0,8.466666666666667,92.15
bihar,2003,270.55,82.275,209.70000000000002,14.7,18.633333333333333,112.81666666666668
bihar,2004,239.1,43.699999999999996,245.96666666666667,10.35,8.266666666666666,95.63333333333333
bihar,2005,199.175,34.9,137.03333333333333,8.033333333333333,9.466666666666667,75.65
bihar,2006,234.075,76.825,187.96666666666667,4.283333333333333,0.5666666666666667,87.73333333333333
bihar,2007,342.35,91.3,271.4,16.116666666666667,13.966666666666667,133.34166666666667
bihar,2008,270.9,34.65,245.76666666666665,7.283333333333334,10.0,99.8
bihar,2009,176.95,51.525,126.6,1.7666666666666666,0.5,74.125
bihar,2010,134.05,36.6,105.5,2.5,1.1,52.43333333333334
bihar,2011,241.225,61.75,175.53333333333333,7.983333333333333,4.266666666666667,91.44166666666666
bihar,2012,231.1,68.625,156.33333333333334,9.15,6.933333333333334,86.03333333333333
bihar,2013,180.55,85.2,151.6,10.166666666666666,9.233333333333334,89.15
bihar,2014,212.125,52.325,161.5,10.133333333333333,17.233333333333334,88.41666666666667
bihar,2015,185.575,28.025000000000002,131.03333333333333,13.416666666666668,4.866666666666667,72.725
chhattisgarh,1997,280.15,75.65,181.86666666666667,26.533333333333335,19.966666666666665,109.76666666666667
chhattisgarh,1998,265.025,107.3,176.2,27.183333333333334,25.366666666666667,111.05833333333334
chhattisgarh,1999,298.725,86.7,188.0,0.85,1.2333333333333334,110.225
chhattisgarh,2000,221.95,43.425,170.79999999999998,0.8333333333333334,0.9,75.53333333333333
chhattisgarh,2001,364.675,49.975,328.8666666666667,6.316666666666666,0.3666666666666667,133.34166666666667
chhattisgarh,2002,202.35,52.324999999999996,122.26666666666668,15.183333333333334,20.766666666666666,82.53333333333333
chhattisgarh,2003,369.77500000000003,140.6,192.0,9.466666666666667,12.1,141.18333333333334
chhattisgarh,2004,253.6,42.8,181.0,13.266666666666666,18.2,95.39166666666667
chhattisgarh,2005,274.75,81.65,202.4,14.733333333333334,24.733333333333334,107.275
chhattisgarh,2006,304.775,53.425,203.60000000000002,10.316666666666666,1.1333333333333333,109.81666666666666
chhattisgarh,2007,291.8,82.35000000000001,193.23333333333332,5.966666666666667,5.3999999999999995,106.76666666666667
chhattisgarh,2008,259.35,56.825,175.46666666666667,8.5,5.466666666666667,92.38333333333334
chhattisgarh,2009,213.025,48.175000000000004,170.5,8.3,1.0333333333333332,79.725
chhattisgarh,2010,293.05,101.15,180.66666666666666,11.25,13.466666666666667,108.88333333333334
chhattisgarh,2011,304.525,100.125,157.63333333333335,8.7,4.866666666666666,108.55
chhattisgarh,2012,316.35,72.625,195.76666666666668,13.8,15.466666666666667,114.78333333333333
chhattisgarh,2013,289.975,80.525,229.36666666666667,12.25,7.5,118.33333333333334
chhattisgarh,2014,275.5,83.575,182.2,12.283333333333333,10.8,106.55
chhattisgarh,2015,252.425,59.175000000000004,173.06666666666666,12.883333333333333,6.166666666666667,93.14166666666667
coastal andhra pradesh,1997,165.675,124.125,81.43333333333334,33.4,22.133333333333333,80.99166666666666
coastal andhra pradesh,1998,214.5,140.675,127.96666666666667,40.083333333333336,16.1,109.225
coastal andhra pradesh,1999,138.675,79.925,118.3,7.05,0.9333333333333333,68.76666666666667
coastal andhra pradesh,2000,192.25,48.875,141.0,14.216666666666667,18.3,82.69166666666666
coastal andhra pradesh,2001,149.525,116.325,97.0,27.433333333333334,4.166666666666666,84.125
coastal andhra pradesh,2002,108.775,58.675,74.96666666666667,14.066666666666666,9.333333333333334,58.6
coastal andhra pradesh,2003,158.55,123.775,119.3,33.05,42.233333333333334,91.41666666666667
coastal andhra pradesh,2004,142.9,64.8,134.16666666666666,16.116666666666667,11.866666666666667,72.81666666666666
coastal andhra pradesh,2005,185.9,189.125,96.0,21.933333333333334,8.6,101.8
coastal andhra pradesh,2006,190.65,116.2,108.8,24.0,0.0,96.63333333333333
coastal andhra pradesh,2007,223.15,116.8,151.36666666666667,4.35,1.8666666666666665,91.61666666666667
coastal andhra pradesh,2008,192.825,72.75,121.06666666666666,41.61666666666667,22.0,92.29166666666667
coastal andhra pradesh,2009,132.225,87.1,88.83333333333333,19.333333333333332,0.43333333333333335,65.875
coastal andhra pradesh,2010,238.52499999999998,195.9,212.33333333333331,65.4,54.099999999999994,142.70833333333334
coastal andhra pradesh,2011,157.075,53.55,116.9,15.166666666666666,7.633333333333333,71.81666666666666
coastal andhra pradesh,2012,196.25,169.05,118.86666666666667,59.0,12.533333333333333,109.85833333333333
coastal andhra pradesh,2013,136.25,149.85,106.03333333333333,22.616666666666667,11.466666666666667,93.36666666666666
coastal andhra pradesh,2014,129.95000000000002,92.55,103.46666666666667,7.8,2.666666666666667,72.925
coastal andhra pradesh,2015,198.4,86.17500000000001,144.63333333333333,20.6,1.5333333333333332,84.25
coastal karnataka,1997,893.9499999999999,108.65,778.6,34.35,19.96666666666667,329.4583333333333
coastal karnataka,1998,816.275,233.92499999999998,710.1333333333333,16.65,3.766666666666667,309.0
coastal karnataka,1999,771.225,134.5,905.1666666666667,3.533333333333333,0.3,314.98333333333335
coastal karnataka,2000,725.825,117.19999999999999,699.6,9.5,5.933333333333334,279.28333333333336
coastal karnataka,2001,665.775,92.675,671.2666666666667,20.333333333333336,0.5333333333333333,259.30833333333334
coastal karnataka,2002,551.25,136.125,491.40000000000003,10.7,4.033333333333333,232.76666666666668
coastal karnataka,2003,704.475,107.6,651.5333333333333,10.016666666666666,1.2333333333333334,255.99166666666667
coastal karnataka,2004,638.2,77.8,617.7,13.85,0.0,255.81666666666666
coastal karnataka,2005,786.775,165.45,681.3,16.683333333333334,1.0,289.2416666666667
coastal karnataka,2006,790.15,178.375,752.2,18.166666666666668,0.3333333333333333,319.775
coastal karnataka,2007,891.825,205.4,672.5,13.183333333333334,0.26666666666666666,321.69166666666666
coastal karnataka,2008,702.025,126.925,534.2666666666667,40.4,9.433333333333334,267.2
coastal karnataka,2009,811.5,246.475,776.6333333333333,37.983333333333334,11.933333333333334,321.83333333333337
coastal karnataka,2010,747.2,251.39999999999998,654.3666666666667,53.833333333333336,8.6,307.225
coastal karnataka,2011,876.35,203.925,716.0666666666666,29.183333333333334,6.266666666666667,325.71666666666664
coastal karnataka,2012,703.775,142.175,476.1333333333333,,,
coastal karnataka,2013,931.9,177.775,922.9,22.733333333333334,10.666666666666668,352.4583333333333
coastal karnataka,2014,790.6750000000001,169.125,614.7666666666667,18.916666666666668,10.366666666666667,307.0416666666667
coastal karnataka,2015,625.425,151.82500000000002,605.5,40.9,5.566666666666666,258.825
east madhya pradesh,1997,275.275,109.65,182.5,31.833333333333332,35.53333333333333,113.08333333333333
east madhya pradesh,1998,223.0,60.224999999999994,128.16666666666666,16.35,11.8,84.45
east madhya pradesh,1999,334.35,150.425,154.53333333333333,3.783333333333333,7.566666666666666,120.325
east madhya pradesh,2000,216.2,28.3,184.2,0.05,0.03333333333333333,72.85833333333333
east madhya pradesh,2001,254.54999999999998,40.35,245.43333333333334,4.916666666666667,1.0333333333333332,97.50833333333333
east madhya pradesh,2002,215.525,60.5,61.13333333333333,6.6000000000000005,10.866666666666667,79.16666666666667
east madhya pradesh,2003,337.55,129.3,162.36666666666667,11.15,21.066666666666666,119.83333333333333
east madhya pradesh,2004,225.05,37.300000000000004,138.36666666666667,4.333333333333333,6.733333333333333,79.60833333333333
east madhya pradesh,2005,304.02500000000003,57.6,267.6,13.5,16.733333333333334,113.86666666666667
east madhya pradesh,2006,208.125,25.599999999999998,149.36666666666667,13.299999999999999,1.0,78.60833333333333
east madhya pradesh,2007,143.825,39.375,96.26666666666667,11.516666666666667,11.6,54.475
east madhya pradesh,2008,240.525,33.75,193.70000000000002,3.3833333333333333,1.9666666666666666,83.6
east madhya pradesh,2009,188.225,93.95,118.86666666666667,19.75,11.6,78.66666666666667
east madhya pradesh,2010,226.75,62.800000000000004,141.13333333333333,4.716666666666667,5.533333333333333,80.05
east madhya pradesh,2011,314.875,69.4,220.26666666666668,1.65,0.8333333333333333,106.26666666666667
east madhya pradesh,2012,247.75,47.949999999999996,155.96666666666667,8.049999999999999,14.266666666666666,87.76666666666667
east madhya pradesh,2013,331.725,50.925,256.1333333333333,11.75,15.466666666666667,126.825
east madhya pradesh,2014,186.65,52.699999999999996,125.89999999999999,19.916666666666668,31.56666666666667,77.08333333333333
east madhya pradesh,2015,186.275,27.974999999999998,135.9,24.933333333333334,16.4,78.26666666666667
east rajasthan,1997,117.64999999999999,38.7,69.83333333333333,7.2,6.5,47.81666666666666
east rajasthan,1998,106.3,38.55,64.83333333333333,1.9333333333333333,0.6,39.641666666666666
east rajasthan,1999,94.975,20.174999999999997,83.4,1.1333333333333333,2.2,34.041666666666664
east rajasthan,2000,103.75,7.3,103.93333333333334,0.6166666666666666,0.3333333333333333,36.675000000000004
east rajasthan,2001,126.425,5.675,131.5,2.25,2.2666666666666666,45.94166666666666
east rajasthan,2002,64.175,11.825000000000001,31.166666666666668,3.2,5.7,23.775
east rajasthan,2003,148.625,24.0,108.63333333333334,4.75,9.266666666666666,52.21666666666667
east rajasthan,2004,141.04999999999998,13.175,55.96666666666667,0.8666666666666667,0.8666666666666667,50.516666666666666
east rajasthan,2005,136.775,43.125,99.8,2.65,1.3333333333333335,47.31666666666667
east rajasthan,2006,180.025,22.975,100.93333333333334,2.15,0.16666666666666666,62.375
east rajasthan,2007,135.0,21.65,97.16666666666667,5.016666666666667,6.0,47.96666666666667
east rajasthan,2008,151.825,29.55,116.26666666666667,2.0166666666666666,0.06666666666666667,53.708333333333336
east rajasthan,2009,96.7,15.975,77.89999999999999,1.8,0.4,34.516666666666666
east rajasthan,2010,157.075,46.050000000000004,74.73333333333333,9.95,3.1,57.45833333333333
east rajasthan,2011,196.25,41.6,113.2,1.9833333333333332,3.733333333333333,66.83333333333333
east rajasthan,2012,169.5,32.975,63.733333333333334,0.9333333333333333,0.6666666666666666,57.800000000000004
east rajasthan,2013,194.025,30.05,136.86666666666667,4.716666666666667,7.8,69.66666666666667
east rajasthan,2014,154.625,35.300000000000004,76.33333333333333,8.866666666666667,13.166666666666666,56.94166666666667
east rajasthan,2015,139.22500000000002,6.6000000000000005,132.5,14.216666666666667,4.333333333333333,54.225
east uttar pradesh,1997,108.60000000000001,13.775,125.53333333333333,5.866666666666667,5.733333333333333,41.125
east uttar pradesh,1998,146.125,20.325,97.93333333333334,6.983333333333333,6.033333333333333,55.083333333333336
east uttar pradesh,1999,209.85,71.275,130.13333333333333,3.1166666666666667,5.833333333333333,79.39166666666667
east uttar pradesh,2000,216.85,60.574999999999996,159.53333333333333,6.6000000000000005,2.7,78.90833333333333
east uttar pradesh,2001,215.25,57.55,183.23333333333332,1.8,0.8333333333333334,81.15
east uttar pradesh,2002,147.775,62.849999999999994,60.5,8.05,14.600000000000001,57.43333333333333
east uttar pradesh,2003,253.825,87.675,127.36666666666666,11.9,20.0,91.35833333333333
east uttar pradesh,2004,163.65,39.925,135.43333333333334,5.583333333333333,8.233333333333334,62.24166666666667
east uttar pradesh,2005,173.70000000000002,36.95,118.60000000000001,7.016666666666667,10.3,64.175
east uttar pradesh,2006,143.675,15.825,134.53333333333333,3.533333333333333,0.5,52.675000000000004
east uttar pradesh,2007,155.4,31.8,119.33333333333333,12.8,15.933333333333334,61.775
east uttar pradesh,2008,229.4,30.900000000000002,193.8,1.55,1.8333333333333333,79.44166666666666
east uttar pradesh,2009,123.975,57.1,67.36666666666667,1.7333333333333334,1.3666666666666667,50.833333333333336
east uttar pradesh,2010,161.275,51.15,86.46666666666667,2.8,4.1,57.675000000000004
east uttar pradesh,2011,185.05,36.75,131.3,1.3666666666666667,1.2333333333333334,65.10000000000001
east uttar pradesh,2012,143.275,41.525,84.3,4.783333333333333,7.4,50.225
east uttar pradesh,2013,216.0,44.300000000000004,180.26666666666665,13.116666666666667,22.266666666666666,86.76666666666667
east uttar pradesh,2014,129.275,47.45,94.33333333333333,16.45,27.2,58.43333333333333
east uttar pradesh,2015,118.0,9.775,94.3,18.483333333333334,13.0,50.275
gangetic west bengal,1997,322.05,81.8,251.7,40.61666666666667,22.4,138.15833333333333
gangetic west bengal,1998,252.875,141.2,178.86666666666667,57.13333333333333,27.966666666666665,136.06666666666666
gangetic west bengal,1999,379.3,169.20000000000002,297.3,4.433333333333334,0.26666666666666666,163.08333333333334
gangetic west bengal,2000,288.475,126.57499999999999,254.03333333333333,21.15,22.5,131.0
gangetic west bengal,2001,277.025,94.575,276.43333333333334,15.533333333333333,0.7333333333333333,128.39166666666668
gangetic west bengal,2002,311.25,112.225,247.8,30.46666666666667,9.3,134.45
gangetic west bengal,2003,232.05,130.775,205.26666666666668,24.183333333333334,9.966666666666667,124.72500000000001
gangetic west bengal,2004,298.1,121.45,203.7,13.9,1.9,130.78333333333333
gangetic west bengal,2005,250.65,144.475,212.33333333333334,28.016666666666666,14.5,133.73333333333332
gangetic west bengal,2006,352.2,109.19999999999999,276.1333333333333,13.516666666666667,1.3666666666666667,138.36666666666667
gangetic west bengal,2007,406.075,135.075,311.7,27.116666666666667,20.033333333333335,161.79166666666666
gangetic west bengal,2008,318.1,84.95,282.43333333333334,19.383333333333333,20.666666666666668,129.61666666666667
gangetic west bengal,2009,243.65,95.4,192.10000000000002,5.666666666666666,1.3666666666666667,109.575
gangetic west bengal,2010,192.7,81.2,171.03333333333333,11.733333333333333,13.4,88.74166666666667
gangetic west bengal,2011,348.375,83.875,262.3333333333333,20.566666666666666,2.2,140.53333333333333
gangetic west bengal,2012,242.475,95.675,168.6,31.616666666666667,26.866666666666667,105.66666666666667
gangetic west bengal,2013,288.0,151.8,230.83333333333334,10.483333333333334,4.166666666666667,147.0
gangetic west bengal,2014,253.6,71.775,205.56666666666666,10.933333333333334,14.566666666666668,105.10833333333333
gangetic west bengal,2015,326.225,51.325,312.6333333333333,22.5,8.233333333333334,127.51666666666667
gujarat region,1997,262.825,26.5,200.26666666666668,1.0,0.5333333333333333,89.08333333333333
gujarat region,1998,241.67499999999998,112.52499999999999,141.23333333333332,0.7500000000000001,0.03333333333333333,89.16666666666666
gujarat region,1999,122.425,31.675,128.26666666666668,0.3333333333333333,0.6666666666666666,47.38333333333333
gujarat region,2000,127.625,4.325,133.36666666666667,0.6166666666666667,1.2333333333333334,45.875
gujarat region,2001,202.875,11.725,179.66666666666666,1.0833333333333333,2.033333333333333,70.75
gujarat region,2002,158.05,28.625,93.33333333333333,0.7333333333333333,1.4,53.1
gujarat region,2003,288.02500000000003,27.85,242.66666666666669,1.0333333333333332,2.033333333333333,96.68333333333334
gujarat region,2004,244.8,18.5,126.03333333333333,0.0,0.0,83.81666666666666
gujarat region,2005,328.65,85.14999999999999,248.76666666666668,0.0,0.0,109.69166666666666
gujarat region,2006,366.22499999999997,38.175,233.23333333333332,0.6166666666666667,0.0,123.16666666666666
gujarat region,2007,294.2,42.7,220.7,0.31666666666666665,0.16666666666666669,98.25
gujarat region,2008,223.475,54.575,106.73333333333332,0.9166666666666666,0.7666666666666666,75.925
gujarat region,2009,151.425,22.599999999999998,135.76666666666668,1.4,0.0,53.458333333333336
gujarat region,2010,258.775,67.5,129.16666666666666,6.9,0.13333333333333333,90.725
gujarat region,2011,222.42499999999998,40.725,91.83333333333333,0.03333333333333333,0.06666666666666667,74.19166666666666
gujarat region,2012,176.675,67.72500000000001,70.86666666666666,0.016666666666666666,0.03333333333333333,59.49166666666667
gujarat region,2013,264.875,85.15,187.03333333333333,0.95,0.3,93.2
gujarat region,2014,173.2,59.925,106.8,1.3833333333333333,1.9333333333333333,58.80833333333333
gujarat region,2015,151.55,23.975,158.76666666666665,2.283333333333333,0.6,51.916666666666664
haryana delhi and chandigarh,1997,114.375,37.825,77.26666666666667,19.9,18.7,55.71666666666667
haryana delhi and chandigarh,1998,133.925,58.725,76.43333333333334,10.883333333333333,8.333333333333334,57.108333333333334
haryana delhi and chandigarh,1999,71.35,14.975000000000001,57.36666666666667,5.7,10.933333333333334,28.708333333333332
haryana delhi and chandigarh,2000,77.775,4.775,76.16666666666667,8.416666666666668,15.8,32.03333333333333
haryana delhi and chandigarh,2001,94.05,5.425,103.39999999999999,8.383333333333333,7.733333333333333,40.449999999999996
haryana delhi and chandigarh,2002,60.45,33.425,30.866666666666667,10.266666666666667,17.166666666666668,29.775
haryana delhi and chandigarh,2003,132.10000000000002,17.5,103.9,10.25,18.53333333333333,49.78333333333334
haryana delhi and chandigarh,2004,86.85,19.35,37.7,7.5,8.966666666666667,40.6
haryana delhi and chandigarh,2005,107.19999999999999,36.875,79.03333333333333,13.833333333333334,16.533333333333335,43.28333333333333
haryana delhi and chandigarh,2006,65.64999999999999,15.025,68.46666666666667,6.633333333333333,2.533333333333333,27.583333333333332
haryana delhi and chandigarh,2007,78.45,14.25,61.03333333333333,20.05,25.966666666666665,37.21666666666667
haryana delhi and chandigarh,2008,151.625,32.15,130.23333333333335,3.75,1.0,59.19166666666666
haryana delhi and chandigarh,2009,86.55,41.2,46.43333333333334,4.816666666666666,3.466666666666667,32.94166666666667
haryana delhi and chandigarh,2010,150.20000000000002,50.325,74.76666666666667,5.433333333333334,9.266666666666666,53.36666666666667
haryana delhi and chandigarh,2011,109.95,33.375,69.36666666666667,7.266666666666667,9.266666666666666,42.675
haryana delhi and chandigarh,2012,90.175,24.3,25.73333333333333,4.066666666666666,3.9666666666666663,32.608333333333334
haryana delhi and chandigarh,2013,90.825,14.375,53.333333333333336,14.283333333333333,25.133333333333336,38.44166666666667
haryana delhi and chandigarh,2014,50.074999999999996,21.9,39.5,12.4,13.3,25.458333333333332
haryana delhi and chandigarh,2015,73.825,9.575000000000001,60.800000000000004,21.349999999999998,6.4,36.291666666666664
himachal pradesh,1997,220.225,88.525,119.03333333333333,77.18333333333334,72.63333333333333,121.20833333333333
himachal pradesh,1998,213.575,94.8,134.76666666666665,61.083333333333336,49.900000000000006,115.125
himachal pradesh,1999,201.20000000000002,37.300000000000004,169.03333333333333,39.233333333333334,55.333333333333336,95.40833333333333
himachal pradesh,2000,159.975,16.875,181.0,58.05,81.36666666666667,89.00833333333334
himachal pradesh,2001,155.625,22.5,153.53333333333333,49.5,34.5,82.65
himachal pradesh,2002,121.64999999999999,33.975,54.96666666666667,78.11666666666667,69.03333333333333,82.54166666666667
himachal pradesh,2003,153.325,49.675,95.0,64.15,65.5,86.2
himachal pradesh,2004,116.875,52.75,91.66666666666667,41.416666666666664,59.53333333333333,73.19166666666666
himachal pradesh,2005,160.075,40.725,140.73333333333332,92.33333333333334,125.06666666666668,104.04166666666667
himachal pradesh,2006,183.025,47.1,144.5,66.73333333333333,63.96666666666667,101.53333333333333
himachal pradesh,2007,157.725,35.25,116.73333333333332,57.583333333333336,52.63333333333333,86.2
himachal pradesh,2008,187.375,55.175,141.70000000000002,48.0,77.33333333333334,92.85833333333333
himachal pradesh,2009,137.6,72.35,89.73333333333333,56.03333333333333,36.166666666666664,79.70833333333333
himachal pradesh,2010,212.775,69.02499999999999,160.56666666666666,49.4,60.06666666666666,104.95
himachal pradesh,2011,199.125,33.375,113.69999999999999,43.43333333333334,49.4,92.35
himachal pradesh,2012,171.57500000000002,40.3,94.0,42.15,55.13333333333333,79.30833333333334
himachal pradesh,2013,187.05,32.25,158.33333333333334,68.23333333333333,95.76666666666667,101.0
himachal pradesh,2014,121.64999999999999,39.425,108.06666666666666,72.35,81.26666666666667,84.075
himachal pradesh,2015,151.775,33.175,126.9,90.11666666666667,82.93333333333334,100.875
jammu and kashmir,1997,138.35,74.05,98.96666666666667,96.01666666666667,61.06666666666667,107.99166666666666
jammu and kashmir,1998,112.325,37.225,98.46666666666667,125.36666666666667,124.06666666666666,110.48333333333333
jammu and kashmir,1999,103.875,39.225,77.76666666666667,70.66666666666667,79.9,74.21666666666667
jammu and kashmir,2000,121.5,33.45,113.43333333333334,74.35,101.43333333333334,82.05
jammu and kashmir,2001,136.55,36.15,145.06666666666666,54.03333333333333,32.699999999999996,79.39166666666667
jammu and kashmir,2002,122.05000000000001,32.1,68.63333333333334,61.166666666666664,58.16666666666667,75.28333333333333
jammu and kashmir,2003,122.15,63.7,96.1,116.31666666666666,125.26666666666667,109.25833333333333
jammu and kashmir,2004,82.9,44.875,100.23333333333333,75.4,96.33333333333333,78.73333333333333
jammu and kashmir,2005,152.4,21.725,191.3,162.73333333333332,233.33333333333334,141.05
jammu and kashmir,2006,204.45,109.375,109.03333333333333,102.01666666666667,136.13333333333333,126.65833333333333
jammu and kashmir,2007,126.525,20.4,113.96666666666667,75.05,58.66666666666667,85.3
jammu and kashmir,2008,152.975,50.525,154.83333333333334,84.48333333333333,124.7,102.04166666666667
jammu and kashmir,2009,,,,,,
jammu and kashmir,2010,130.725,34.925,111.00000000000001,53.599999999999994,69.73333333333333,83.15
jammu and kashmir,2011,89.32499999999999,32.025,62.166666666666664,79.75,92.93333333333334,73.96666666666667
jammu and kashmir,2012,130.75,47.75,66.76666666666667,74.51666666666667,101.5,86.225
jammu and kashmir,2013,116.475,27.325,84.33333333333333,51.93333333333334,69.63333333333334,71.60833333333333
jammu and kashmir,2014,155.8,102.85000000000001,59.5,64.23333333333333,47.36666666666667,91.125
jammu and kashmir,2015,153.5,73.675,139.73333333333332,134.53333333333333,84.8,131.075
jharkhand,1997,315.525,82.375,218.7,19.95,16.6,121.775
jharkhand,1998,241.025,111.97500000000001,152.6,35.3,32.53333333333333,112.80833333333334
jharkhand,1999,336.275,114.975,250.53333333333333,0.9666666666666667,0.3,132.24166666666667
jharkhand,2000,263.35,94.14999999999999,203.8,8.55,8.333333333333334,99.29166666666667
jharkhand,2001,257.875,62.125,245.56666666666666,8.35,1.9666666666666666,104.54166666666667
jharkhand,2002,225.625,77.625,136.8,6.45,5.066666666666666,86.24166666666666
jharkhand,2003,217.25,123.275,140.46666666666667,16.483333333333334,13.733333333333334,103.74166666666666
jharkhand,2004,230.9,85.325,138.73333333333332,9.0,3.2666666666666666,94.73333333333333
jharkhand,2005,194.89999999999998,58.0,149.03333333333333,12.383333333333333,15.233333333333334,80.04166666666666
jharkhand,2006,320.325,82.675,250.93333333333334,7.666666666666666,0.16666666666666666,121.60833333333333
jharkhand,2007,308.525,92.975,204.63333333333333,17.583333333333332,16.7,119.775
jharkhand,2008,301.9,46.975,262.3666666666667,6.816666666666666,7.666666666666666,110.45
jharkhand,2009,206.525,83.875,135.8,1.65,1.0333333333333334,83.025
jharkhand,2010,144.6,60.075,97.33333333333333,5.733333333333333,7.5,58.09166666666666
jharkhand,2011,314.65,87.0,195.26666666666668,6.283333333333333,1.9666666666666666,114.55
jharkhand,2012,227.075,77.89999999999999,138.29999999999998,18.7,17.5,88.74166666666666
jharkhand,2013,211.125,113.72500000000001,159.2,7.15,6.333333333333333,104.45833333333334
jharkhand,2014,232.52499999999998,56.074999999999996,186.4,13.9,19.533333333333335,96.38333333333333
jharkhand,2015,234.7,27.674999999999997,212.83333333333334,15.8,5.833333333333333,90.15
kerala,1997,585.725,241.975,549.4333333333334,81.18333333333334,30.666666666666668,271.0416666666667
kerala,1998,565.825,294.2,508.5,48.61666666666667,29.166666666666668,262.6166666666667
kerala,1999,415.5,182.225,586.9666666666667,38.6,10.166666666666668,242.89166666666665
kerala,2000,434.825,139.3,367.16666666666663,55.75,46.199999999999996,201.04166666666666
kerala,2001,472.975,181.875,517.4666666666667,80.15,18.3,244.25
kerala,2002,339.75,187.575,384.2,51.0,5.166666666666666,208.95833333333334
kerala,2003,385.65000000000003,146.675,396.56666666666666,59.03333333333333,20.433333333333334,199.56666666666666
kerala,2004,417.375,159.20000000000002,556.5666666666666,47.5,4.4,240.5
kerala,2005,539.4,223.875,528.9000000000001,83.11666666666667,27.733333333333334,252.60000000000002
kerala,2006,548.45,253.95,602.5333333333333,54.86666666666667,3.466666666666667,285.05
kerala,2007,672.125,245.8,621.6333333333333,41.86666666666667,6.0,290.8
kerala,2008,417.75,190.7,352.06666666666666,71.51666666666667,16.033333333333335,210.39166666666665
kerala,2009,489.725,212.575,518.2333333333333,75.83333333333333,16.333333333333336,234.225
kerala,2010,482.025,274.725,495.7,95.30000000000001,22.133333333333333,260.9916666666667
kerala,2011,552.3,209.39999999999998,483.16666666666663,79.11666666666666,38.56666666666667,252.94166666666666
kerala,2012,383.90000000000003,137.725,296.06666666666666,55.46666666666667,9.266666666666667,179.26666666666668
kerala,2013,640.3000000000001,187.6,664.0666666666667,52.516666666666666,20.333333333333332,271.2916666666667
kerala,2014,541.225,200.25,461.06666666666666,45.86666666666667,20.700000000000003,253.88333333333333
kerala,2015,378.675,226.0,390.4666666666667,96.01666666666667,29.433333333333334,216.725
konkan and goa,1997,723.3249999999999,85.925,610.2333333333333,18.650000000000002,20.733333333333334,252.26666666666665
konkan and goa,1998,725.125,221.54999999999998,530.0333333333333,7.3999999999999995,0.03333333333333333,269.55
konkan and goa,1999,666.15,119.375,716.9666666666667,0.11666666666666665,0.0,242.67499999999998
konkan and goa,2000,710.3000000000001,52.875,710.0333333333333,1.6500000000000001,2.466666666666667,261.1
konkan and goa,2001,558.175,75.65,491.03333333333336,1.9166666666666665,1.8666666666666665,199.61666666666667
konkan and goa,2002,611.6,73.925,468.06666666666666,1.0333333333333332,0.09999999999999999,211.44166666666666
konkan and goa,2003,692.9,88.75,630.1333333333333,0.8333333333333333,0.36666666666666664,236.85
konkan and goa,2004,721.425,84.10000000000001,542.6,3.433333333333333,0.0,248.84166666666667
konkan and goa,2005,880.5250000000001,188.85,693.6333333333333,1.2333333333333334,0.5,301.31666666666666
konkan and goa,2006,758.9,156.2,653.7,5.4,0.0,290.18333333333334
konkan and goa,2007,842.45,167.675,604.6666666666666,3.25,0.03333333333333333,289.025
konkan and goa,2008,737.35,152.95000000000002,525.4,5.866666666666666,0.8333333333333333,254.41666666666669
konkan and goa,2009,570.55,203.975,535.8000000000001,20.233333333333334,0.0,226.38333333333333
konkan and goa,2010,866.8499999999999,207.39999999999998,698.1,18.71666666666667,1.3666666666666667,314.84166666666664
konkan and goa,2011,924.3249999999999,147.925,747.4,1.0833333333333333,0.0,318.76666666666665
konkan and goa,2012,709.825,173.17499999999998,520.8666666666667,0.4833333333333333,0.0,251.53333333333333
konkan and goa,2013,836.275,123.4,841.7666666666667,1.8333333333333335,2.9000000000000004,293.65833333333336
konkan and goa,2014,652.225,134.475,517.5666666666667,4.8,6.1,229.80833333333334
konkan and goa,2015,477.175,89.9,433.93333333333334,11.733333333333333,0.9,173.48333333333335
lakshadweep,1997,281.85,169.5,276.3,60.25,40.666666666666664,147.05833333333334
lakshadweep,1998,310.55,214.275,279.6666666666667,81.95,101.83333333333333,165.575
lakshadweep,1999,236.55,119.65,385.23333333333335,31.566666666666666,33.1,154.775
lakshadweep,2000,201.325,93.3,175.16666666666666,36.8,37.733333333333334,114.34166666666667
lakshadweep,2001,210.15,109.2,223.36666666666667,41.25,13.8,115.05
lakshadweep,2002,134.25,74.625,177.63333333333333,21.416666666666668,15.0,86.125
lakshadweep,2003,235.375,122.375,291.56666666666666,48.36666666666667,12.5,127.74166666666666
lakshadweep,2004,225.375,125.8,287.4,21.349999999999998,3.6333333333333333,129.43333333333334
lakshadweep,2005,251.95,171.775,240.06666666666666,51.766666666666666,18.433333333333334,131.28333333333333
lakshadweep,2006,232.1,151.85,262.3666666666667,37.2,10.333333333333334,133.21666666666667
lakshadweep,2007,438.25,217.70000000000002,389.0,31.05,38.766666666666666,196.79999999999998
lakshadweep,2008,233.5,139.875,266.3,59.916666666666664,51.8,143.9
lakshadweep,2009,249.42499999999998,132.75,276.56666666666666,53.81666666666667,46.16666666666667,130.84166666666667
lakshadweep,2010,288.05,149.975,244.86666666666665,56.43333333333334,33.43333333333334,143.76666666666668
lakshadweep,2011,253.25,142.95,203.66666666666666,49.35,7.6,127.80833333333334
lakshadweep,2012,279.875,86.72500000000001,193.23333333333332,19.816666666666666,9.366666666666667,117.125
lakshadweep,2013,264.25,89.39999999999999,270.3,34.699999999999996,29.099999999999998,118.85833333333333
lakshadweep,2014,239.625,105.675,139.2,34.983333333333334,43.86666666666667,116.25
lakshadweep,2015,215.22500000000002,178.95,229.06666666666666,80.58333333333333,53.9,136.90833333333333
madhya maharashtra,1997,201.825,64.45,142.2,21.566666666666666,14.3,83.40833333333333
madhya maharashtra,1998,223.7,110.45,143.20000000000002,4.233333333333333,0.06666666666666667,91.75833333333334
madhya maharashtra,1999,185.55,86.65,175.66666666666669,1.1333333333333333,2.2333333333333334,80.48333333333333
madhya maharashtra,2000,154.575,37.075,130.06666666666666,1.3666666666666667,1.2000000000000002,58.45833333333333
madhya maharashtra,2001,158.85000000000002,67.25,115.2,2.6,1.6333333333333335,65.40833333333333
madhya maharashtra,2002,166.2,34.5,120.63333333333334,4.116666666666667,1.6,61.68333333333333
madhya maharashtra,2003,178.525,37.325,144.86666666666667,2.3000000000000003,1.0333333333333334,64.375
madhya maharashtra,2004,231.35,57.849999999999994,146.36666666666667,2.1666666666666665,0.1,85.79166666666667
madhya maharashtra,2005,283.55,84.77499999999999,203.16666666666666,2.783333333333333,1.3333333333333335,101.78333333333333
madhya maharashtra,2006,315.1,75.65,221.33333333333331,5.466666666666667,0.0,116.3
madhya maharashtra,2007,255.95,49.125,188.63333333333333,1.2833333333333334,0.5666666666666667,86.7
madhya maharashtra,2008,208.95,93.39999999999999,88.96666666666667,3.8833333333333337,0.3,76.4
madhya maharashtra,2009,177.375,96.1,135.46666666666667,21.416666666666668,2.0,78.49166666666666
madhya maharashtra,2010,216.325,79.075,157.29999999999998,13.3,1.0666666666666667,85.63333333333333
madhya maharashtra,2011,195.3,52.8,132.53333333333333,0.9333333333333333,0.09999999999999999,71.04166666666667
madhya maharashtra,2012,147.05,56.725,90.76666666666667,0.8666666666666667,0.0,57.5
madhya maharashtra,2013,220.375,68.35000000000001,176.73333333333335,2.8666666666666667,2.2333333333333334,80.20833333333333
madhya maharashtra,2014,170.65,51.2,117.23333333333332,14.516666666666666,7.466666666666667,69.83333333333333
madhya maharashtra,2015,125.625,52.8,104.36666666666667,11.55,0.7666666666666666,53.708333333333336
matathwada,1997,122.825,105.775,71.6,30.716666666666665,21.03333333333333,65.86666666666666
matathwada,1998,232.65,104.42500000000001,151.2,6.183333333333334,0.13333333333333333,93.89166666666667
matathwada,1999,155.9,83.825,97.56666666666666,1.0166666666666666,2.0,63.958333333333336
matathwada,2000,157.475,19.5,120.63333333333334,1.25,1.9666666666666666,57.04166666666667
matathwada,2001,136.175,63.7,68.7,2.75,1.7666666666666666,61.03333333333333
matathwada,2002,161.5,43.4,102.83333333333334,3.533333333333333,3.1999999999999997,60.175000000000004
matathwada,2003,163.275,30.875,134.0,2.716666666666667,1.4000000000000001,60.0
matathwada,2004,138.475,65.625,110.69999999999999,6.033333333333333,0.5333333333333333,56.55
matathwada,2005,202.7,78.5,158.43333333333334,4.516666666666667,4.633333333333333,78.375
matathwada,2006,190.4,65.425,92.53333333333333,6.1499999999999995,0.0,72.74166666666667
matathwada,2007,173.85,62.275,106.16666666666667,1.3833333333333333,0.0,59.55
matathwada,2008,147.95000000000002,75.5,58.333333333333336,3.15,0.1,53.858333333333334
matathwada,2009,132.45,72.65,69.76666666666667,12.183333333333334,2.8000000000000003,55.74166666666667
matathwada,2010,224.475,62.95,151.26666666666668,8.583333333333332,3.3666666666666667,84.30833333333334
matathwada,2011,156.95,28.7,104.13333333333333,1.3333333333333333,1.2666666666666666,55.30833333333333
matathwada,2012,113.675,47.275,78.53333333333333,0.15,0.0,43.891666666666666
matathwada,2013,186.325,67.225,153.56666666666666,6.983333333333333,8.0,73.99166666666666
matathwada,2014,99.7,30.474999999999998,47.46666666666667,21.483333333333334,6.033333333333333,45.74166666666667
matathwada,2015,103.05,44.650000000000006,52.666666666666664,14.683333333333334,3.9,44.34166666666667
naga mani mizo tripura,1997,392.0,117.325,395.8333333333333,56.75,25.433333333333334,184.34166666666667
naga mani mizo tripura,1998,341.95000000000005,91.75,376.8,67.91666666666667,20.0,185.45000000000002
naga mani mizo tripura,1999,377.725,150.25,392.8666666666667,16.133333333333333,6.833333333333334,186.075
naga mani mizo tripura,2000,339.475,127.2,332.73333333333335,69.53333333333333,16.566666666666666,196.99166666666667
naga mani mizo tripura,2001,333.15,150.25,371.4666666666667,39.4,16.2,179.1
naga mani mizo tripura,2002,349.475,100.625,417.5,51.150000000000006,9.5,186.86666666666667
naga mani mizo tripura,2003,355.84999999999997,127.37499999999999,372.96666666666664,49.7,18.733333333333334,180.19166666666666
naga mani mizo tripura,2004,410.775,122.64999999999999,406.26666666666665,61.15,2.6666666666666665,196.14166666666668
naga mani mizo tripura,2005,285.3,128.25,250.26666666666668,44.03333333333333,10.633333333333333,153.05833333333334
naga mani mizo tripura,2006,313.325,84.55,387.6,24.383333333333333,5.566666666666666,156.01666666666668
naga mani mizo tripura,2007,419.175,174.95000000000002,384.3333333333333,67.4,24.233333333333334,211.525
naga mani mizo tripura,2008,310.75,94.94999999999999,287.1666666666667,25.816666666666666,15.233333333333333,145.74166666666667
naga mani mizo tripura,2009,304.975,113.95,259.06666666666666,25.016666666666666,1.1333333333333333,144.80833333333334
naga mani mizo tripura,2010,370.525,143.175,357.7,49.81666666666666,14.133333333333333,191.26666666666668
naga mani mizo tripura,2011,328.35,88.375,340.8,25.216666666666665,5.466666666666667,157.68333333333334
naga mani mizo tripura,2012,316.925,110.5,279.93333333333334,55.15,11.7,160.25
naga mani mizo tripura,2013,248.8,92.125,270.46666666666664,14.566666666666666,2.3666666666666667,129.75833333333333
naga mani mizo tripura,2014,309.3,93.475,252.16666666666666,16.766666666666666,7.433333333333334,133.325
naga mani mizo tripura,2015,321.9,97.125,298.6,52.93333333333333,12.866666666666667,160.18333333333334
north interior karnataka,1997,213.20000000000002,65.15,167.76666666666668,23.349999999999998,12.7,91.30833333333334
north interior karnataka,1998,156.675,102.45,93.63333333333334,3.4166666666666665,0.03333333333333333,71.05
north interior karnataka,1999,102.675,62.675000000000004,104.23333333333333,1.3666666666666667,1.1333333333333333,55.06666666666667
north interior karnataka,2000,133.4,63.2,94.53333333333333,2.466666666666667,1.1666666666666667,59.375
north interior karnataka,2001,104.725,82.125,45.43333333333334,4.7,1.1666666666666667,49.825
north interior karnataka,2002,83.325,45.5,67.83333333333334,5.016666666666667,3.9,44.2
north interior karnataka,2003,82.4,40.699999999999996,54.93333333333334,8.049999999999999,1.3333333333333335,39.458333333333336
north interior karnataka,2004,111.3,50.175,103.86666666666666,6.883333333333333,1.8333333333333335,53.49166666666667
north interior karnataka,2005,150.275,66.77499999999999,117.53333333333333,11.616666666666667,2.2333333333333334,67.3
north interior karnataka,2006,117.5,52.35,107.7,9.65,0.0,54.208333333333336
north interior karnataka,2007,170.375,67.15,123.86666666666667,12.65,9.233333333333333,69.73333333333333
north interior karnataka,2008,113.1,60.425,60.46666666666666,29.45,4.966666666666667,59.36666666666667
north interior karnataka,2009,149.475,110.1,103.33333333333334,13.966666666666667,4.733333333333333,76.11666666666666
north interior karnataka,2010,157.575,68.6,114.36666666666666,16.866666666666667,4.433333333333334,71.09166666666667
north interior karnataka,2011,118.275,37.025,99.63333333333334,10.3,2.566666666666667,54.59166666666667
north interior karnataka,2012,89.8,53.45,64.66666666666667,19.983333333333334,12.533333333333333,48.65
north interior karnataka,2013,133.75,76.575,102.5,6.666666666666666,2.4666666666666663,60.28333333333333
north interior karnataka,2014,120.65,52.4,93.4,16.8,6.733333333333333,63.05833333333333
north interior karnataka,2015,89.325,54.85,57.8,14.683333333333334,1.3666666666666667,45.99166666666667
orissa,1997,303.875,89.45,178.0,36.516666666666666,27.333333333333332,125.38333333333333
orissa,1998,233.70000000000002,122.675,169.13333333333335,38.233333333333334,19.933333333333334,113.10000000000001
orissa,1999,271.34999999999997,123.925,219.3,3.1333333333333333,0.26666666666666666,123.7
orissa,2000,234.4,46.575,193.56666666666666,9.716666666666667,11.433333333333332,91.43333333333334
orissa,2001,358.3,59.375,330.43333333333334,13.583333333333332,0.6,139.375
orissa,2002,232.575,65.35,140.03333333333333,9.65,3.9666666666666663,91.9
orissa,2003,308.95,147.875,189.66666666666666,17.066666666666666,15.033333333333333,137.35
orissa,2004,259.725,74.875,191.36666666666667,12.033333333333333,4.933333333333334,107.53333333333333
orissa,2005,288.375,142.3,218.20000000000002,16.35,13.5,125.28333333333333
orissa,2006,377.2,75.52499999999999,244.93333333333334,12.683333333333334,0.06666666666666667,143.075
orissa,2007,357.1,120.525,222.96666666666667,12.7,11.066666666666666,136.15
orissa,2008,348.3,94.95,229.1,14.383333333333333,12.633333333333333,128.25
orissa,2009,280.675,73.925,247.16666666666666,5.6000000000000005,0.8333333333333333,110.85833333333333
orissa,2010,242.5,110.45,181.43333333333334,16.033333333333335,15.733333333333334,107.68333333333334
orissa,2011,291.75,104.85,161.76666666666665,13.916666666666668,6.766666666666667,112.19166666666666
orissa,2012,288.325,95.9,171.73333333333335,27.549999999999997,19.166666666666664,117.15833333333333
orissa,2013,278.9,150.075,236.76666666666668,11.333333333333334,3.6999999999999997,136.025
orissa,2014,313.95,99.0,233.43333333333334,9.583333333333334,6.166666666666667,128.08333333333334
orissa,2015,258.6,70.875,188.66666666666666,19.716666666666665,11.333333333333332,100.83333333333333
punjab,1997,121.3,33.55,76.6,22.583333333333332,20.666666666666668,57.50833333333333
punjab,1998,108.14999999999999,47.4,68.56666666666666,17.233333333333334,19.599999999999998,49.05
punjab,1999,71.975,7.875,65.93333333333334,8.933333333333334,16.4,30.383333333333333
punjab,2000,81.72500000000001,11.225,76.73333333333333,10.516666666666667,18.066666666666666,33.775
punjab,2001,89.275,6.5249999999999995,101.53333333333333,7.583333333333333,4.633333333333333,36.75
punjab,2002,57.125,25.325,31.966666666666665,3.8,4.233333333333333,22.891666666666666
punjab,2003,81.075,14.850000000000001,60.43333333333333,16.099999999999998,24.0,35.4
punjab,2004,58.5,11.475,42.7,9.9,14.366666666666667,29.316666666666666
punjab,2005,103.325,26.775000000000002,72.16666666666666,22.183333333333334,32.03333333333333,46.0
punjab,2006,126.2,41.35,108.46666666666667,14.366666666666667,8.466666666666667,53.975
punjab,2007,112.15,21.45,55.13333333333333,23.283333333333335,26.866666666666667,49.56666666666667
punjab,2008,157.35,17.8,99.33333333333334,6.216666666666667,5.666666666666667,59.766666666666666
punjab,2009,75.025,15.450000000000001,58.06666666666666,8.566666666666666,8.066666666666666,30.091666666666665
punjab,2010,98.775,35.75,63.86666666666667,7.616666666666666,14.0,37.625
punjab,2011,154.375,35.949999999999996,100.9,11.450000000000001,13.9,58.75833333333333
punjab,2012,94.875,31.474999999999998,44.56666666666667,18.366666666666667,25.6,41.125
punjab,2013,119.925,13.325,80.6,14.516666666666667,22.0,48.88333333333333
punjab,2014,61.15,31.65,39.233333333333334,18.583333333333332,18.666666666666668,31.90833333333333
punjab,2015,84.07499999999999,19.925,65.06666666666666,24.8,16.566666666666666,42.56666666666666
rayalseema,1997,100.65,133.825,50.233333333333334,48.75,32.233333333333334,69.59166666666667
rayalseema,1998,136.5,133.65,69.43333333333334,37.71666666666667,16.0,78.99166666666666
rayalseema,1999,67.225,61.325,59.0,16.55,5.966666666666667,44.766666666666666
rayalseema,2000,132.95,78.0,87.06666666666666,21.833333333333336,23.666666666666668,72.60833333333333
rayalseema,2001,96.35,156.95,39.53333333333333,27.033333333333335,15.266666666666667,77.05
rayalseema,2002,70.425,75.7,62.9,18.516666666666666,13.9,51.275
rayalseema,2003,120.525,80.425,81.63333333333334,10.616666666666667,3.6333333333333333,60.45
rayalseema,2004,84.875,85.925,104.13333333333333,21.349999999999998,4.833333333333333,61.80833333333333
rayalseema,2005,104.64999999999999,164.725,77.6,49.1,32.2,88.86666666666666
rayalseema,2006,86.425,82.925,63.9,23.549999999999997,6.733333333333333,53.175
rayalseema,2007,166.225,120.0,102.36666666666666,20.616666666666667,27.433333333333334,81.71666666666667
rayalseema,2008,84.925,111.425,51.733333333333334,48.35,10.333333333333334,66.49166666666667
rayalseema,2009,96.60000000000001,99.025,49.833333333333336,30.866666666666667,11.966666666666667,57.358333333333334
rayalseema,2010,143.45,107.025,120.43333333333334,40.15,17.400000000000002,80.29166666666667
rayalseema,2011,102.05,80.175,68.8,31.583333333333336,16.0,61.516666666666666
rayalseema,2012,94.05,82.925,75.16666666666666,31.066666666666666,21.53333333333333,59.59166666666667
rayalseema,2013,110.75,93.425,69.46666666666667,18.566666666666666,11.5,63.55
rayalseema,2014,82.875,59.15,60.56666666666667,11.516666666666666,4.566666666666667,45.99166666666667
rayalseema,2015,94.0,169.75,51.93333333333334,87.45,18.033333333333335,87.25833333333334
saurashtra and kutch,1997,148.4,43.15,110.06666666666668,0.2833333333333333,0.26666666666666666,50.016666666666666
saurashtra and kutch,1998,103.8,53.425,86.23333333333333,0.26666666666666666,0.0,47.233333333333334
saurashtra and kutch,1999,36.05,29.200000000000003,78.26666666666667,1.9666666666666668,3.9333333333333336,31.733333333333334
saurashtra and kutch,2000,70.2,1.7,77.66666666666666,0.016666666666666666,0.03333333333333333,23.833333333333332
saurashtra and kutch,2001,125.375,7.050000000000001,121.63333333333334,0.03333333333333333,0.0,42.516666666666666
saurashtra and kutch,2002,76.75,4.025,58.13333333333333,0.13333333333333333,0.19999999999999998,25.666666666666668
saurashtra and kutch,2003,170.7,6.175,156.8,0.06666666666666667,0.13333333333333333,57.18333333333333
saurashtra and kutch,2004,112.2,13.95,66.2,0.03333333333333333,0.06666666666666667,40.19166666666666
saurashtra and kutch,2005,157.35,58.699999999999996,109.36666666666666,0.03333333333333333,0.0,52.625
saurashtra and kutch,2006,174.4,17.625,146.53333333333333,0.4666666666666667,0.19999999999999998,58.483333333333334
saurashtra and kutch,2007,221.42499999999998,39.975,107.83333333333333,0.5333333333333333,0.6333333333333333,74.23333333333333
saurashtra and kutch,2008,148.25,61.425,82.10000000000001,1.5166666666666666,2.6333333333333333,50.65833333333333
saurashtra and kutch,2009,148.0,3.4000000000000004,159.06666666666666,0.25,0.0,49.733333333333334
saurashtra and kutch,2010,260.95,65.875,155.0,10.733333333333333,0.03333333333333333,93.325
saurashtra and kutch,2011,184.92499999999998,52.85,79.56666666666666,0.25,0.4666666666666666,61.86666666666666
saurashtra and kutch,2012,80.025,57.975,19.066666666666666,0.2,0.3333333333333333,26.983333333333334
saurashtra and kutch,2013,160.6,72.2,99.66666666666666,1.75,0.6333333333333333,56.8
saurashtra and kutch,2014,93.25,26.775000000000002,52.36666666666666,0.6,0.09999999999999999,31.991666666666667
saurashtra and kutch,2015,107.45,20.875,113.36666666666666,1.2833333333333334,0.3,36.8
south interior karnataka,1997,196.45,100.05,158.63333333333333,35.766666666666666,12.866666666666667,98.34166666666667
south interior karnataka,1998,203.825,97.85000000000001,160.33333333333331,16.96666666666667,3.9,92.75
south interior karnataka,1999,166.47500000000002,103.05,183.43333333333334,13.450000000000001,2.7333333333333334,95.80833333333334
south interior karnataka,2000,213.025,103.975,142.43333333333334,14.95,9.666666666666666,100.60833333333333
south interior karnataka,2001,159.325,88.675,108.6,22.666666666666664,1.2333333333333334,77.2
south interior karnataka,2002,113.625,65.675,100.56666666666666,9.283333333333333,4.666666666666667,62.983333333333334
south interior karnataka,2003,121.2,64.85,96.76666666666667,12.65,2.6333333333333333,63.55833333333333
south interior karnataka,2004,179.225,63.35,189.5,22.483333333333334,10.766666666666667,94.45833333333333
south interior karnataka,2005,212.725,112.22500000000001,182.3,25.316666666666666,5.466666666666667,109.94166666666666
south interior karnataka,2006,173.825,64.925,179.16666666666666,24.400000000000002,0.4666666666666667,85.875
south interior karnataka,2007,231.975,95.95,186.86666666666667,12.316666666666666,5.0,102.58333333333333
south interior karnataka,2008,191.10000000000002,74.0,139.83333333333334,32.13333333333333,8.9,95.05
south interior karnataka,2009,206.85,106.175,175.86666666666667,21.916666666666668,7.699999999999999,96.53333333333333
south interior karnataka,2010,185.75,116.57499999999999,153.03333333333333,45.38333333333333,4.033333333333333,103.31666666666666
south interior karnataka,2011,172.55,79.42500000000001,154.33333333333334,28.133333333333333,6.5,90.60833333333333
south interior karnataka,2012,140.9,63.05,90.69999999999999,34.333333333333336,5.433333333333334,73.16666666666667
south interior karnataka,2013,206.77499999999998,80.7,193.06666666666666,14.033333333333333,4.333333333333333,92.55
south interior karnataka,2014,198.65,88.35,169.63333333333333,17.683333333333334,7.166666666666666,98.675
south interior karnataka,2015,157.95,103.27499999999999,152.0,41.55,2.1,92.70833333333333
sub himalayan west bengal and sikkim,1997,506.075,139.5,422.76666666666665,53.15,35.56666666666666,212.61666666666667
sub himalayan west bengal and sikkim,1998,711.725,175.79999999999998,587.2666666666667,57.5,17.566666666666666,304.6
sub himalayan west bengal and sikkim,1999,634.475,166.32500000000002,572.5333333333333,34.0,6.466666666666667,276.94166666666666
sub himalayan west bengal and sikkim,2000,546.95,143.125,516.8,51.81666666666667,16.033333333333335,242.34166666666667
sub himalayan west bengal and sikkim,2001,432.65,190.05,406.1333333333333,42.0,10.133333333333333,217.71666666666667
sub himalayan west bengal and sikkim,2002,474.3,108.825,444.06666666666666,65.38333333333333,16.96666666666667,212.24166666666667
sub himalayan west bengal and sikkim,2003,473.75,145.0,477.1,65.55,38.46666666666667,226.91666666666666
sub himalayan west bengal and sikkim,2004,495.025,151.625,505.5,41.46666666666667,11.933333333333334,226.23333333333332
sub himalayan west bengal and sikkim,2005,486.3,127.575,468.26666666666665,56.233333333333334,13.666666666666666,233.975
sub himalayan west bengal and sikkim,2006,417.05,150.85,395.6333333333333,34.166666666666664,8.533333333333333,188.50833333333333
sub himalayan west bengal and sikkim,2007,510.6,137.225,462.16666666666663,50.28333333333333,28.73333333333333,219.89166666666665
sub himalayan west bengal and sikkim,2008,529.3,105.25,451.8666666666667,50.550000000000004,21.6,224.15
sub himalayan west bengal and sikkim,2009,387.425,106.1,371.8,38.53333333333333,17.299999999999997,193.725
sub himalayan west bengal and sikkim,2010,480.225,96.10000000000001,495.8,48.25,9.133333333333333,217.70833333333334
sub himalayan west bengal and sikkim,2011,464.675,108.5,426.6333333333333,44.266666666666666,10.899999999999999,201.56666666666666
sub himalayan west bengal and sikkim,2012,514.025,143.5,497.03333333333336,42.400000000000006,12.200000000000001,219.35833333333335
sub himalayan west bengal and sikkim,2013,429.4,131.65,429.93333333333334,32.03333333333333,9.766666666666667,200.50833333333333
sub himalayan west bengal and sikkim,2014,465.65,102.6,412.1333333333334,20.016666666666666,9.733333333333334,193.54166666666666
sub himalayan west bengal and sikkim,2015,470.75,110.32499999999999,402.03333333333336,46.21666666666667,13.233333333333333,209.875
tamil nadu,1997,71.575,169.7,54.36666666666667,74.25,47.699999999999996,79.20833333333333
tamil nadu,1998,104.9,171.475,66.9,79.95,70.0,89.98333333333333
tamil nadu,1999,62.4,144.6,58.733333333333334,54.93333333333334,28.666666666666668,76.88333333333333
tamil nadu,2000,100.975,131.9,50.9,65.55,64.56666666666666,81.01666666666667
tamil nadu,2001,37.4,50.8,40.7,36.56666666666666,20.1,40.291666666666664
tamil nadu,2002,23.55,46.325,22.7,16.25,12.4,26.5
tamil nadu,2003,34.15,44.675,27.0,17.683333333333334,3.833333333333333,29.041666666666668
tamil nadu,2004,103.3,177.22500000000002,73.63333333333333,42.03333333333333,9.5,86.46666666666667
tamil nadu,2005,83.7,225.075,68.06666666666666,111.58333333333333,54.56666666666666,113.78333333333333
tamil nadu,2006,70.125,149.475,52.0,56.95,13.866666666666667,77.31666666666666
tamil nadu,2007,99.925,159.275,73.0,62.266666666666666,78.2,88.925
tamil nadu,2008,80.35,165.5,59.3,97.6,30.3,100.28333333333333
tamil nadu,2009,70.10000000000001,149.35,47.96666666666667,85.2,38.03333333333333,77.375
tamil nadu,2010,91.35,178.075,81.10000000000001,81.65,45.5,91.275
tamil nadu,2011,76.6,136.975,44.96666666666667,64.41666666666667,18.833333333333332,77.225
tamil nadu,2012,64.875,94.65,39.5,16.6,5.7,53.016666666666666
tamil nadu,2013,80.375,101.725,46.43333333333334,41.766666666666666,29.333333333333332,61.833333333333336
tamil nadu,2014,78.75,131.975,79.16666666666666,34.45,26.5,76.08333333333333
tamil nadu,2015,71.475,190.9,72.76666666666667,112.28333333333333,54.46666666666667,100.38333333333334
telangana,1997,141.45,87.7,87.83333333333333,30.15,23.466666666666665,71.325
telangana,1998,228.3,75.80000000000001,147.1,12.1,9.133333333333333,91.09166666666667
telangana,1999,178.825,58.875,140.53333333333333,2.966666666666667,3.1,71.96666666666667
telangana,2000,241.325,24.95,174.3,7.266666666666667,6.633333333333334,89.825
telangana,2001,173.6,68.225,105.06666666666666,14.116666666666665,2.8333333333333335,76.85
telangana,2002,152.25,33.125,88.96666666666667,8.016666666666667,9.633333333333333,63.775
telangana,2003,198.625,54.375,144.23333333333332,9.866666666666667,5.333333333333333,80.275
telangana,2004,127.27499999999999,36.5,105.3,15.466666666666667,17.433333333333334,55.59166666666666
telangana,2005,222.15,101.275,178.36666666666667,19.766666666666666,25.433333333333334,96.91666666666667
telangana,2006,215.67499999999998,85.75,106.8,19.333333333333336,0.0,87.74166666666666
telangana,2007,195.025,79.025,106.8,2.2,0.0,70.275
telangana,2008,213.7,44.8,107.06666666666668,25.233333333333334,6.533333333333334,86.275
telangana,2009,136.55,62.5,72.43333333333334,6.233333333333333,0.39999999999999997,55.516666666666666
telangana,2010,270.1,99.575,182.46666666666667,12.083333333333334,8.3,106.375
telangana,2011,171.4,31.424999999999997,120.46666666666667,7.383333333333334,3.966666666666667,62.75833333333333
telangana,2012,214.25,81.175,144.36666666666667,9.933333333333334,2.2333333333333334,84.05
telangana,2013,264.8,96.60000000000001,225.23333333333335,12.516666666666666,11.366666666666667,112.39166666666667
telangana,2014,140.075,46.975,93.86666666666666,13.866666666666667,1.2666666666666666,62.2
telangana,2015,172.525,43.975,131.53333333333333,21.366666666666667,6.4,71.43333333333334
uttarakhand,1997,132.375,18.9,158.63333333333333,34.666666666666664,25.166666666666668,66.95833333333333
uttarakhand,1998,196.55,49.175,161.56666666666666,43.06666666666667,26.0,99.88333333333334
uttarakhand,1999,262.825,63.675000000000004,199.46666666666667,8.633333333333333,16.366666666666667,98.8
uttarakhand,2000,366.35,51.025000000000006,272.43333333333334,27.166666666666668,33.333333333333336,142.73333333333335
uttarakhand,2001,307.575,22.775,299.8,33.11666666666667,21.9,128.7
uttarakhand,2002,278.0,82.10000000000001,142.53333333333333,60.083333333333336,60.4,131.225
uttarakhand,2003,329.15,67.525,242.5333333333333,58.15,63.43333333333334,144.53333333333333
uttarakhand,2004,238.67499999999998,43.5,199.2,21.366666666666667,25.3,101.63333333333333
uttarakhand,2005,265.3,89.625,175.4,36.8,50.53333333333333,112.35
uttarakhand,2006,205.9,32.925,190.10000000000002,36.0,28.433333333333334,98.24166666666667
uttarakhand,2007,372.8,93.80000000000001,247.2,54.88333333333333,52.43333333333334,160.36666666666667
uttarakhand,2008,270.575,56.6,237.66666666666666,31.816666666666666,22.633333333333333,113.63333333333334
uttarakhand,2009,152.15,75.35,92.33333333333333,13.35,10.1,70.63333333333333
uttarakhand,2010,313.475,105.425,191.83333333333334,19.183333333333334,31.0,118.66666666666667
uttarakhand,2011,332.125,38.825,246.86666666666667,24.75,32.8,130.38333333333333
uttarakhand,2012,268.3,61.05,147.4,22.816666666666666,22.066666666666666,101.99166666666667
uttarakhand,2013,343.25,36.85,306.8333333333333,52.5,88.36666666666667,144.60833333333332
uttarakhand,2014,224.42499999999998,48.25,192.83333333333331,49.35,63.36666666666667,107.29166666666667
uttarakhand,2015,220.375,19.75,187.2,51.88333333333333,41.43333333333334,103.96666666666667
vidarbha,1997,191.975,92.875,121.60000000000001,30.933333333333334,31.6,86.60833333333333
vidarbha,1998,220.775,90.875,137.36666666666667,19.033333333333335,9.166666666666666,88.48333333333333
vidarbha,1999,251.22500000000002,88.375,165.36666666666667,3.55,7.033333333333333,97.08333333333334
vidarbha,2000,262.05,16.375,245.60000000000002,2.8666666666666663,5.666666666666666,92.1
vidarbha,2001,234.45000000000002,42.824999999999996,182.83333333333334,7.866666666666667,3.0,93.50833333333334
vidarbha,2002,217.575,41.449999999999996,132.46666666666667,2.0666666666666664,2.1666666666666665,77.175
vidarbha,2003,240.02499999999998,45.675,181.4,2.1333333333333333,1.9000000000000001,84.875
vidarbha,2004,166.25,30.275,122.6,4.5,5.333333333333334,60.99166666666667
vidarbha,2005,258.4,83.55,180.06666666666666,15.200000000000001,27.366666666666667,101.21666666666667
vidarbha,2006,268.25,57.650000000000006,165.56666666666666,12.983333333333334,0.0,101.29166666666667
vidarbha,2007,282.5,67.9,202.33333333333334,1.4166666666666667,0.4666666666666667,97.25
vidarbha,2008,203.55,46.550000000000004,134.1,4.516666666666667,0.7333333333333333,72.21666666666667
vidarbha,2009,163.65,49.3,131.6,11.4,0.43333333333333335,64.23333333333333
vidarbha,2010,305.325,82.3,200.4,10.65,6.366666666666667,111.50833333333334
vidarbha,2011,219.7,48.925,128.53333333333333,1.5,0.39999999999999997,74.425
vidarbha,2012,265.4,72.9,165.4,1.85,1.0666666666666667,92.31666666666666
vidarbha,2013,340.0,66.3,300.9,4.366666666666666,6.533333333333333,126.68333333333334
vidarbha,2014,204.375,62.675000000000004,134.96666666666667,13.366666666666667,7.266666666666667,76.58333333333333
vidarbha,2015,212.04999999999998,43.675,134.86666666666667,20.933333333333334,10.4,82.8
west madhya pradesh,1997,216.9,69.65,145.76666666666665,25.5,32.300000000000004,88.2
west madhya pradesh,1998,216.72500000000002,83.025,124.16666666666667,3.3833333333333333,1.0333333333333332,77.24166666666667
west madhya pradesh,1999,232.45,104.325,138.5,5.366666666666666,10.633333333333333,87.725
west madhya pradesh,2000,145.425,8.25,148.0,,,
west madhya pradesh,2001,174.8,22.425,163.06666666666666,1.5333333333333334,0.7000000000000001,65.58333333333333
west madhya pradesh,2002,161.125,38.4,63.233333333333334,5.0,6.966666666666667,57.025
west madhya pradesh,2003,229.775,64.625,145.5,4.333333333333334,8.233333333333334,78.85833333333333
west madhya pradesh,2004,194.825,25.6,102.16666666666667,3.3666666666666667,5.866666666666667,70.66666666666667
west madhya pradesh,2005,178.125,39.449999999999996,142.93333333333334,6.1,6.066666666666666,62.69166666666666
west madhya pradesh,2006,268.375,55.85,132.1,9.866666666666665,1.0,97.43333333333334
west madhya pradesh,2007,191.10000000000002,37.35,140.03333333333333,4.583333333333333,4.6,67.20833333333334
west madhya pradesh,2008,190.375,40.025,139.93333333333334,2.15,0.13333333333333333,65.925
west madhya pradesh,2009,172.35,78.425,127.86666666666667,15.183333333333332,8.200000000000001,73.075
west madhya pradesh,2010,187.075,38.775,107.03333333333333,2.316666666666667,2.8000000000000003,64.68333333333334
west madhya pradesh,2011,264.125,41.3,183.93333333333334,0.6,0.5666666666666667,88.65833333333333
west madhya pradesh,2012,255.725,49.1,163.5,1.1833333333333333,2.066666666666667,86.26666666666667
west madhya pradesh,2013,320.075,42.575,249.73333333333335,7.8,11.733333333333334,116.35000000000001
west madhya pradesh,2014,192.9,54.6,123.13333333333333,14.133333333333333,25.266666666666666,72.06666666666666
west madhya pradesh,2015,228.625,16.975,194.76666666666665,19.116666666666667,15.866666666666667,86.85
west rajasthan,1997,61.7,20.325,47.53333333333333,4.433333333333334,2.3,28.76666666666667
west rajasthan,1998,50.4,30.325,35.666666666666664,3.15,2.9,23.3
west rajasthan,1999,36.925,3.525,39.666666666666664,1.6166666666666667,3.166666666666667,17.025
west rajasthan,2000,56.275,1.8250000000000002,61.36666666666667,0.8166666666666667,0.3333333333333333,19.616666666666667
west rajasthan,2001,60.75,2.525,65.10000000000001,1.8666666666666667,0.5333333333333333,23.775000000000002
west rajasthan,2002,16.775,7.300000000000001,13.5,2.3,2.966666666666667,7.683333333333334
west rajasthan,2003,85.275,3.5500000000000003,78.46666666666667,4.166666666666667,7.933333333333333,30.675
west rajasthan,2004,40.824999999999996,7.225,22.133333333333333,1.4666666666666666,1.3333333333333333,16.4
west rajasthan,2005,53.849999999999994,18.974999999999998,43.266666666666666,5.116666666666666,5.199999999999999,21.716666666666665
west rajasthan,2006,81.125,9.875,32.63333333333333,3.8666666666666663,0.8333333333333334,30.108333333333334
west rajasthan,2007,61.675000000000004,11.65,45.166666666666664,10.033333333333333,11.933333333333334,25.891666666666666
west rajasthan,2008,67.375,8.025,45.96666666666667,4.916666666666667,3.366666666666667,27.008333333333333
west rajasthan,2009,34.95,2.0,37.6,2.1333333333333333,1.9333333333333333,13.375
west rajasthan,2010,109.825,30.675,60.800000000000004,5.016666666666667,2.9333333333333336,39.44166666666667
west rajasthan,2011,99.0,29.099999999999998,40.233333333333334,2.466666666666667,3.9333333333333336,34.891666666666666
west rajasthan,2012,76.1,23.625,18.7,1.7666666666666666,0.36666666666666664,27.275
west rajasthan,2013,84.75,17.45,47.93333333333334,6.45,10.133333333333333,32.458333333333336
west rajasthan,2014,65.65,21.400000000000002,43.7,2.716666666666667,1.0,25.2
west rajasthan,2015,96.0,9.225000000000001,101.1,9.65,0.7666666666666666,38.208333333333336
west uttar pradesh,1997,93.55,11.525,112.8,6.783333333333333,5.3,37.1
west uttar pradesh,1998,193.17499999999998,31.125,118.39999999999999,7.433333333333334,3.8,72.27499999999999
west uttar pradesh,1999,180.875,73.95,96.56666666666666,3.5333333333333337,7.033333333333333,65.53333333333333
west uttar pradesh,2000,178.05,19.775,139.26666666666665,5.916666666666667,10.566666666666666,64.275
west uttar pradesh,2001,148.8,11.05,158.66666666666666,3.433333333333333,1.6333333333333333,55.141666666666666
west uttar pradesh,2002,132.25,58.925,26.7,11.333333333333334,21.633333333333333,52.1
west uttar pradesh,2003,240.125,92.92500000000001,131.86666666666667,13.383333333333333,24.2,87.28333333333333
west uttar pradesh,2004,129.5,36.35,68.4,7.033333333333333,7.166666666666667,53.53333333333333
west uttar pradesh,2005,165.95,51.4,124.06666666666666,8.733333333333333,9.533333333333333,60.46666666666667
west uttar pradesh,2006,113.0,21.025000000000002,114.1,4.3999999999999995,0.5,44.1
west uttar pradesh,2007,113.175,15.05,84.83333333333333,17.833333333333336,22.900000000000002,47.708333333333336
west uttar pradesh,2008,190.15,25.0,159.03333333333333,1.5166666666666666,0.3666666666666667,66.63333333333334
west uttar pradesh,2009,111.325,50.35,49.4,5.3,2.6666666666666665,45.766666666666666
west uttar pradesh,2010,193.05,71.375,101.26666666666667,5.733333333333333,7.0,68.38333333333333
west uttar pradesh,2011,181.45000000000002,26.1,140.46666666666667,3.533333333333333,4.666666666666667,64.775
west uttar pradesh,2012,91.5,17.599999999999998,49.8,3.8,5.533333333333333,32.46666666666667
west uttar pradesh,2013,190.95000000000002,31.0,142.2,17.6,32.93333333333333,77.72500000000001
west uttar pradesh,2014,84.825,28.900000000000002,61.53333333333333,20.316666666666666,31.333333333333332,40.56666666666666
west uttar pradesh,2015,109.05,9.6,91.43333333333332,21.933333333333334,13.933333333333334,48.56666666666666
